id,first_name,last_name,email
1,Boothe,Mollon,bmollon0@apache.org
2,Zonda,Moncarr,zmoncarr1@squidoo.com
3,Launce,Mossop,lmossop2@t.co
4,Aileen,Childe,achilde3@google.ru
5,Dagmar,Huggard,dhuggard4@dell.com
6,Cristabel,Spitell,cspitell5@themeforest.net
7,Winthrop,Ivanikhin,wivanikhin6@pcworld.com
8,Sileas,Ogden,sogden7@nifty.com
9,Earlie,Ebbs,eebbs8@google.pl
10,Somerset,Cogswell,scogswell9@vkontakte.ru
11,Evangeline,Phythian,ephythiana@china.com.cn
12,Aigneis,O'Collopy,aocollopyb@europa.eu
13,Rick,Roblin,rroblinc@vk.com
14,Xerxes,Van den Hof,xvandenhofd@salon.com
15,Gibb,Vinas,gvinase@godaddy.com
16,Briny,Lefever,blefeverf@altervista.org
17,Mavra,Gianninotti,mgianninottig@imdb.com
18,Meris,Pendrid,mpendridh@github.com
19,Kathie,Risely,kriselyi@sfgate.com
20,Barnie,Upstell,bupstellj@goo.ne.jp
21,Gwenny,Brugemann,gbrugemannk@github.com
22,Darby,Chupin,dchupinl@google.pl
23,Hyacinthe,Chase,hchasem@tmall.com
24,Gavan,Balmadier,gbalmadiern@mapquest.com
25,Franklin,Stringfellow,fstringfellowo@latimes.com
26,Anjela,Larose,alarosep@cnbc.com
27,Lorie,Sapseed,lsapseedq@soup.io
28,Paquito,Mc Caughen,pmccaughenr@csmonitor.com
29,Christiane,Levane,clevanes@friendfeed.com
30,Dyanna,Drewry,ddrewryt@zdnet.com
31,Fallon,Mariaud,fmariaudu@eepurl.com
32,Helen-elizabeth,Geffen,hgeffenv@cargocollective.com
33,Sollie,Count,scountw@bravesites.com
34,Hernando,Bartalot,hbartalotx@pinterest.com
35,Lewiss,Sydry,lsydryy@weather.com
36,Galvan,Basilotta,gbasilottaz@europa.eu
37,Preston,Glendzer,pglendzer10@issuu.com
38,Boothe,Emilien,bemilien11@mashable.com
39,Alphonso,Hoofe,ahoofe12@newsvine.com
40,Terrill,Lambard,tlambard13@hud.gov
41,Sissie,Clapison,sclapison14@geocities.com
42,Kally,Yeldon,kyeldon15@state.tx.us
43,Vivianna,Orchart,vorchart16@hhs.gov
44,Nickola,Fiveash,nfiveash17@epa.gov
45,Winnie,Goalby,wgoalby18@forbes.com
46,Roch,Batcheldor,rbatcheldor19@netvibes.com
47,Athene,Petruska,apetruska1a@eventbrite.com
48,Eleanor,Peeke,epeeke1b@loc.gov
49,Thorin,Giacomelli,tgiacomelli1c@dmoz.org
50,Wendie,Chatainier,wchatainier1d@gnu.org
51,Lacey,Pammenter,lpammenter1e@rambler.ru
52,Shirlene,Legerwood,slegerwood1f@prlog.org
53,Curtis,Clutterbuck,cclutterbuck1g@state.gov
54,Pembroke,Atcheson,patcheson1h@wordpress.com
55,Gerty,McAuslene,gmcauslene1i@jugem.jp
56,Ban,Gofford,bgofford1j@ucoz.com
57,Candis,Yuryaev,cyuryaev1k@wordpress.org
58,Roland,Nuccii,rnuccii1l@etsy.com
59,Savina,Godart,sgodart1m@fc2.com
60,Austin,Whittick,awhittick1n@surveymonkey.com
61,Trent,Hankey,thankey1o@clickbank.net
62,Alec,Hounihan,ahounihan1p@shutterfly.com
63,Garwood,Anten,ganten1q@hhs.gov
64,Helenka,Garraway,hgarraway1r@alibaba.com
65,Dewie,Benner,dbenner1s@noaa.gov
66,Merrily,McIlrath,mmcilrath1t@uiuc.edu
67,Iseabal,Rowcastle,irowcastle1u@house.gov
68,Moira,Kensall,mkensall1v@jugem.jp
69,Ruthe,Banting,rbanting1w@jiathis.com
70,Woodie,Prickett,wprickett1x@va.gov
71,Martguerita,Cubbon,mcubbon1y@sfgate.com
72,Myrilla,Richardes,mrichardes1z@bravesites.com
73,Eimile,Maclean,emaclean20@buzzfeed.com
74,Inigo,Desson,idesson21@histats.com
75,Aliza,Redhills,aredhills22@webs.com
76,Mart,Reedie,mreedie23@accuweather.com
77,Joelie,Snalom,jsnalom24@over-blog.com
78,Cooper,Bradmore,cbradmore25@timesonline.co.uk
79,Jillie,MacPhaden,jmacphaden26@slashdot.org
80,Modesty,Feirn,mfeirn27@nih.gov
81,Dottie,Croix,dcroix28@hubpages.com
82,Maxim,Davidescu,mdavidescu29@shutterfly.com
83,Malena,Aves,maves2a@arstechnica.com
84,Harlan,Flight,hflight2b@sciencedirect.com
85,Sarine,Cossar,scossar2c@printfriendly.com
86,Brana,Willmer,bwillmer2d@issuu.com
87,Brandea,Tatchell,btatchell2e@bigcartel.com
88,Codie,Norman,cnorman2f@craigslist.org
89,Yevette,Ramsdell,yramsdell2g@eventbrite.com
90,Zak,Campes,zcampes2h@networksolutions.com
91,Marcela,Kilroy,mkilroy2i@themeforest.net
92,Allys,Tupp,atupp2j@bandcamp.com
93,Maggee,Roseveare,mroseveare2k@pen.io
94,Garrek,Canlin,gcanlin2l@ehow.com
95,Mikel,Du Pre,mdupre2m@newyorker.com
96,Alane,Goulding,agoulding2n@webeden.co.uk
97,Eugenie,Thornewill,ethornewill2o@posterous.com
98,Alberta,Arnoldi,aarnoldi2p@constantcontact.com
99,Quentin,Larby,qlarby2q@samsung.com
100,Saunderson,Birtchnell,sbirtchnell2r@ebay.co.uk
101,Agata,Greedyer,agreedyer2s@telegraph.co.uk
102,Malory,Wagstaff,mwagstaff2t@nasa.gov
103,Wylma,Margett,wmargett2u@bloomberg.com
104,Hans,Toffler,htoffler2v@soup.io
105,Dominic,Quinby,dquinby2w@unicef.org
106,Nial,Wedlock,nwedlock2x@nps.gov
107,Babette,Ballard,bballard2y@state.tx.us
108,Barty,Arendsen,barendsen2z@naver.com
109,Kelwin,O'Nions,konions30@creativecommons.org
110,Shelly,Chatband,schatband31@cmu.edu
111,Georgina,Ravenscraft,gravenscraft32@miibeian.gov.cn
112,Tome,Stathers,tstathers33@comsenz.com
113,Conroy,Ambrogioni,cambrogioni34@huffingtonpost.com
114,Kettie,Scollard,kscollard35@ibm.com
115,Nanon,Heeley,nheeley36@ifeng.com
116,Quintina,Seton,qseton37@rediff.com
117,Kat,Perfitt,kperfitt38@vimeo.com
118,Walliw,Yellep,wyellep39@uiuc.edu
119,Kellia,Rembrant,krembrant3a@latimes.com
120,Nickolas,Ashall,nashall3b@nature.com
121,Joshua,Grane,jgrane3c@edublogs.org
122,Melania,Goodwyn,mgoodwyn3d@netlog.com
123,Fredrick,Luc,fluc3e@fastcompany.com
124,Dosi,Ludvigsen,dludvigsen3f@yahoo.co.jp
125,Lyon,Merwe,lmerwe3g@yahoo.co.jp
126,Nevins,Baggaley,nbaggaley3h@princeton.edu
127,Wendye,Bolgar,wbolgar3i@ca.gov
128,Laurella,Chugg,lchugg3j@spotify.com
129,Saraann,Rhodes,srhodes3k@cbc.ca
130,Jerry,Ayres,jayres3l@twitpic.com
131,Keefer,Duckerin,kduckerin3m@uiuc.edu
132,Sissy,Ubsdall,subsdall3n@geocities.jp
133,Pennie,Kaspar,pkaspar3o@tmall.com
134,Elihu,Gouinlock,egouinlock3p@flickr.com
135,Bengt,Foulkes,bfoulkes3q@arstechnica.com
136,Mendie,Splevins,msplevins3r@statcounter.com
137,Wood,Tolliday,wtolliday3s@thetimes.co.uk
138,Barclay,O'Finan,bofinan3t@nifty.com
139,Bevon,Dohms,bdohms3u@usnews.com
140,Frazer,Pritchard,fpritchard3v@qq.com
141,Janot,Othen,jothen3w@ucla.edu
142,Carmel,Starsmore,cstarsmore3x@vimeo.com
143,Tiff,Faccini,tfaccini3y@t.co
144,Quent,Brittoner,qbrittoner3z@drupal.org
145,Elnore,Sarjant,esarjant40@hostgator.com
146,Nannette,Lattimore,nlattimore41@ebay.com
147,Gilles,Crossan,gcrossan42@ed.gov
148,Burt,Vigors,bvigors43@sphinn.com
149,Brigitte,Chittey,bchittey44@webmd.com
150,Rosabel,Pointer,rpointer45@wsj.com
151,Barnabas,Tabbitt,btabbitt46@google.cn
152,Ketti,Meddick,kmeddick47@mashable.com
153,Chevy,Kadd,ckadd48@huffingtonpost.com
154,Dunn,Fortescue,dfortescue49@tripod.com
155,Agatha,Massow,amassow4a@abc.net.au
156,Jock,Widmoor,jwidmoor4b@house.gov
157,Grace,Spillane,gspillane4c@wufoo.com
158,Ado,Ruddock,aruddock4d@over-blog.com
159,Gordie,Graeme,ggraeme4e@ftc.gov
160,Galen,Matt,gmatt4f@intel.com
161,Hinze,Feveryear,hfeveryear4g@pbs.org
162,Towney,Burtt,tburtt4h@macromedia.com
163,Burgess,Crawforth,bcrawforth4i@com.com
164,Maryrose,Forrester,mforrester4j@ezinearticles.com
165,Fax,Coward,fcoward4k@live.com
166,Leora,Turnbull,lturnbull4l@google.pl
167,Sofie,Crosbie,scrosbie4m@theguardian.com
168,Diane,Zanicchelli,dzanicchelli4n@ebay.com
169,Claire,Plumer,cplumer4o@wikipedia.org
170,Myrta,Quipp,mquipp4p@mayoclinic.com
171,Orbadiah,Dodwell,ododwell4q@kickstarter.com
172,Ann,Cass,acass4r@irs.gov
173,Ripley,Trowbridge,rtrowbridge4s@imgur.com
174,Nalani,Shilton,nshilton4t@typepad.com
175,Scotty,Oldmeadow,soldmeadow4u@google.cn
176,Morgan,Menelaws,mmenelaws4v@msu.edu
177,Fania,Binding,fbinding4w@sourceforge.net
178,Geoffry,Batalle,gbatalle4x@tinypic.com
179,Ange,Dederich,adederich4y@typepad.com
180,Wittie,Brunon,wbrunon4z@imdb.com
181,Inez,Heppenspall,iheppenspall50@liveinternet.ru
182,Gisella,Bathowe,gbathowe51@yellowbook.com
183,Jarid,Snepp,jsnepp52@usnews.com
184,Shannon,Purselowe,spurselowe53@flavors.me
185,Cliff,Drakard,cdrakard54@google.cn
186,Kial,Lugsdin,klugsdin55@ehow.com
187,Judd,Tunnadine,jtunnadine56@hhs.gov
188,Muire,Senescall,msenescall57@about.com
189,Loralie,Stannis,lstannis58@ucoz.com
190,Angelina,Bissell,abissell59@squarespace.com
191,Meade,Allanby,mallanby5a@mapy.cz
192,Nanette,Wimes,nwimes5b@geocities.jp
193,Ethe,Sircomb,esircomb5c@ask.com
194,Selena,Mayhew,smayhew5d@sciencedirect.com
195,Avie,Foulkes,afoulkes5e@angelfire.com
196,Heath,Spellacey,hspellacey5f@lycos.com
197,Melisent,Yousef,myousef5g@cyberchimps.com
198,Ambur,Bucke,abucke5h@arstechnica.com
199,Porty,Elmar,pelmar5i@devhub.com
200,Dorrie,Hacker,dhacker5j@kickstarter.com
201,Sean,Boulsher,sboulsher5k@wsj.com
202,Shaina,Saphin,ssaphin5l@delicious.com
203,Kerwin,Clatworthy,kclatworthy5m@yelp.com
204,Prent,Audrey,paudrey5n@so-net.ne.jp
205,Lauree,Higgen,lhiggen5o@paypal.com
206,Gian,Matthews,gmatthews5p@admin.ch
207,Creight,Kneebone,ckneebone5q@rambler.ru
208,Levey,Meatyard,lmeatyard5r@pinterest.com
209,Maxy,Hixley,mhixley5s@go.com
210,Gavrielle,Goldhawk,ggoldhawk5t@prlog.org
211,Tally,Willas,twillas5u@4shared.com
212,Bobinette,Boatswain,bboatswain5v@google.com.hk
213,Gradey,Leonida,gleonida5w@aol.com
214,Nefen,Francois,nfrancois5x@washington.edu
215,Aila,Barrasse,abarrasse5y@bigcartel.com
216,Margalo,Slyvester,mslyvester5z@opera.com
217,Barbi,Fitzsymon,bfitzsymon60@state.tx.us
218,Katy,Lamyman,klamyman61@smugmug.com
219,Jobyna,Widger,jwidger62@gov.uk
220,Del,Pfaffe,dpfaffe63@mit.edu
221,Sharline,Tappington,stappington64@dailymotion.com
222,Willem,Boggis,wboggis65@fc2.com
223,Nanice,Belcher,nbelcher66@dailymail.co.uk
224,Arleen,Oxenden,aoxenden67@go.com
225,Temp,Allcott,tallcott68@alibaba.com
226,Christie,Romao,cromao69@google.ca
227,Quintus,Rebbeck,qrebbeck6a@dell.com
228,Skell,Preon,spreon6b@skyrock.com
229,Candis,Baldrick,cbaldrick6c@tripadvisor.com
230,Aubrie,Gentzsch,agentzsch6d@paypal.com
231,Kathe,Ivashin,kivashin6e@boston.com
232,Grantley,Flood,gflood6f@bandcamp.com
233,Mabel,Gosling,mgosling6g@hexun.com
234,Vicky,Kurten,vkurten6h@spiegel.de
235,Alexine,Blunsen,ablunsen6i@naver.com
236,Janos,Sills,jsills6j@globo.com
237,Katerine,Scotland,kscotland6k@cbsnews.com
238,Alameda,Gammill,agammill6l@ft.com
239,Yvette,Mattaus,ymattaus6m@bbb.org
240,Joyous,Houltham,jhoultham6n@disqus.com
241,Myriam,Frankiss,mfrankiss6o@example.com
242,Lars,Etheredge,letheredge6p@blogspot.com
243,Meris,Stodit,mstodit6q@de.vu
244,Corly,Chern,cchern6r@about.me
245,Felizio,Shearsby,fshearsby6s@weibo.com
246,Page,Lines,plines6t@xing.com
247,Genna,Dibbs,gdibbs6u@economist.com
248,Laurence,MacCaughey,lmaccaughey6v@google.pl
249,Pippo,Creedland,pcreedland6w@army.mil
250,Jany,Hanney,jhanney6x@bigcartel.com
251,Mavis,McAlindon,mmcalindon6y@php.net
252,Lodovico,Sarfass,lsarfass6z@yellowpages.com
253,Genia,Scholling,gscholling70@ibm.com
254,Celestina,Gustus,cgustus71@ovh.net
255,Brianne,Carlisle,bcarlisle72@geocities.jp
256,Dennet,Guillford,dguillford73@blogs.com
257,Francklyn,Pina,fpina74@redcross.org
258,Arielle,Bollin,abollin75@nbcnews.com
259,Cyrill,Weond,cweond76@linkedin.com
260,Lawton,Duferie,lduferie77@symantec.com
261,Farrah,Attwill,fattwill78@shareasale.com
262,Sharity,Vernon,svernon79@cargocollective.com
263,Merrie,Ghiriardelli,mghiriardelli7a@google.co.jp
264,Boniface,D'Agostini,bdagostini7b@histats.com
265,Florentia,Kenchington,fkenchington7c@fastcompany.com
266,Tallulah,Walpole,twalpole7d@weibo.com
267,Warde,McArthur,wmcarthur7e@360.cn
268,Skip,Blakemore,sblakemore7f@nationalgeographic.com
269,Jeanelle,Maron,jmaron7g@ustream.tv
270,Aldwin,Springett,aspringett7h@europa.eu
271,Effie,Gercken,egercken7i@github.com
272,Mordy,Cuchey,mcuchey7j@dedecms.com
273,Cassey,Chafney,cchafney7k@topsy.com
274,Karlan,Leafe,kleafe7l@wiley.com
275,Kimble,Nutley,knutley7m@addthis.com
276,Adelle,Sowood,asowood7n@dot.gov
277,Bartel,Sends,bsends7o@51.la
278,Llewellyn,Esseby,lesseby7p@blogger.com
279,Sergeant,Folley,sfolley7q@businesswire.com
280,Seline,Aslin,saslin7r@army.mil
281,Meredithe,O'Loghlen,mologhlen7s@skyrock.com
282,Kristal,Petigrew,kpetigrew7t@newyorker.com
283,Yuri,Parkman,yparkman7u@google.com
284,Selena,Steger,ssteger7v@mac.com
285,Filia,Podd,fpodd7w@istockphoto.com
286,Eddie,Robez,erobez7x@abc.net.au
287,Hailey,Ovenden,hovenden7y@freewebs.com
288,Gill,Yeliashev,gyeliashev7z@dyndns.org
289,Bogey,Moline,bmoline80@goo.gl
290,Ella,Stove,estove81@mapquest.com
291,Caleb,Hince,chince82@google.ru
292,Horace,Scheffel,hscheffel83@yale.edu
293,Arlana,Trewman,atrewman84@tripod.com
294,Kaja,Drew,kdrew85@msu.edu
295,Chiarra,Stathor,cstathor86@utexas.edu
296,Waiter,Wytchard,wwytchard87@nps.gov
297,Padriac,Yitshak,pyitshak88@smh.com.au
298,Lanny,Harry,lharry89@bluehost.com
299,Cherise,Ginnelly,cginnelly8a@taobao.com
300,Jaynell,Clampe,jclampe8b@stumbleupon.com
301,Tremain,Catt,tcatt8c@ebay.co.uk
302,Tomas,Chimenti,tchimenti8d@discovery.com
303,Caroline,Beak,cbeak8e@mtv.com
304,Dannie,Simion,dsimion8f@devhub.com
305,Kassi,Gameson,kgameson8g@list-manage.com
306,Jens,Romanet,jromanet8h@hexun.com
307,Bo,Addekin,baddekin8i@amazon.co.jp
308,Nisse,Bertlin,nbertlin8j@businessinsider.com
309,Rebeka,Sapsforde,rsapsforde8k@ucoz.ru
310,Jeniffer,Tilsley,jtilsley8l@symantec.com
311,Marji,Dugmore,mdugmore8m@t.co
312,Haydon,Halden,hhalden8n@list-manage.com
313,Natalie,Kenwin,nkenwin8o@sbwire.com
314,Mikael,Ludmann,mludmann8p@ustream.tv
315,Claudie,Pennyman,cpennyman8q@mtv.com
316,Lilly,Berrisford,lberrisford8r@cyberchimps.com
317,Pia,Kinder,pkinder8s@mit.edu
318,Madlen,Suero,msuero8t@go.com
319,Auguste,Horrod,ahorrod8u@exblog.jp
320,Arte,MacMenamie,amacmenamie8v@hp.com
321,Thaine,Seiffert,tseiffert8w@github.com
322,Alon,Levey,alevey8x@woothemes.com
323,Annetta,Ollerhad,aollerhad8y@oakley.com
324,Henrietta,Costen,hcosten8z@msn.com
325,Homer,Bruck,hbruck90@google.co.jp
326,Hildagard,Abys,habys91@hatena.ne.jp
327,Michal,Canny,mcanny92@miibeian.gov.cn
328,Philbert,Kernoghan,pkernoghan93@zdnet.com
329,Kelci,Vedikhov,kvedikhov94@omniture.com
330,Leone,Goodee,lgoodee95@newsvine.com
331,Harlen,Wegman,hwegman96@guardian.co.uk
332,Astrid,Gliddon,agliddon97@about.me
333,Hunt,Marti,hmarti98@nifty.com
334,Merwyn,Weatherburn,mweatherburn99@theguardian.com
335,Elwyn,Pimblotte,epimblotte9a@bloomberg.com
336,Tanner,Kenford,tkenford9b@narod.ru
337,Patrice,Zettler,pzettler9c@guardian.co.uk
338,Dela,Iohananof,diohananof9d@businessinsider.com
339,Kirbee,Lodwig,klodwig9e@bbc.co.uk
340,Bert,Drain,bdrain9f@purevolume.com
341,Neils,Vickers,nvickers9g@spotify.com
342,Forest,Jellybrand,fjellybrand9h@unesco.org
343,Britt,McVicar,bmcvicar9i@webs.com
344,Millard,Issitt,missitt9j@opensource.org
345,Allsun,Fiddymont,afiddymont9k@marketwatch.com
346,Alanna,Sysland,asysland9l@usda.gov
347,Pinchas,Domanski,pdomanski9m@bizjournals.com
348,Bearnard,Arrington,barrington9n@moonfruit.com
349,Stanislaus,Natte,snatte9o@gov.uk
350,Papageno,Fragino,pfragino9p@behance.net
351,Burlie,Drees,bdrees9q@china.com.cn
352,Christi,Parkman,cparkman9r@diigo.com
353,Pauletta,Verlinde,pverlinde9s@moonfruit.com
354,Clair,Rowesby,crowesby9t@themeforest.net
355,Rozanne,Ferson,rferson9u@odnoklassniki.ru
356,Karlotta,Kempton,kkempton9v@epa.gov
357,Isidro,Forster,iforster9w@nsw.gov.au
358,Tallie,MacNelly,tmacnelly9x@netlog.com
359,Rosalia,Chaffer,rchaffer9y@comsenz.com
360,Gayelord,Zink,gzink9z@bandcamp.com
361,Berti,Brandolini,bbrandolinia0@clickbank.net
362,Terrye,Destouche,tdestouchea1@php.net
363,Juanita,Tinston,jtinstona2@shutterfly.com
364,Kendre,Pryke,kprykea3@myspace.com
365,Florry,Duinbleton,fduinbletona4@google.de
366,Myra,Dunnaway,mdunnawaya5@hexun.com
367,Mitch,Benford,mbenforda6@state.gov
368,Leone,Klousner,lklousnera7@cafepress.com
369,Luigi,Sadgrove,lsadgrovea8@elegantthemes.com
370,Bentley,Paynton,bpayntona9@alibaba.com
371,Violante,D'eath,vdeathaa@linkedin.com
372,Mercie,Blew,mblewab@aol.com
373,Aundrea,McGarvey,amcgarveyac@about.com
374,Cindee,Powlett,cpowlettad@google.com
375,Rudiger,Spragge,rspraggeae@fc2.com
376,Mortimer,Dockrey,mdockreyaf@salon.com
377,Nananne,Bwy,nbwyag@angelfire.com
378,Clarance,Forster,cforsterah@desdev.cn
379,Napoleon,Paliser,npaliserai@mac.com
380,Osgood,Worsnop,oworsnopaj@mozilla.org
381,Eirena,Probetts,eprobettsak@bloomberg.com
382,Nealon,Morrieson,nmorriesonal@census.gov
383,Rhianna,Bomb,rbombam@weebly.com
384,Tracey,O' Connell,toconnellan@cbslocal.com
385,Coretta,Bullingham,cbullinghamao@tamu.edu
386,Skipp,Jumonet,sjumonetap@answers.com
387,Christabella,Tappington,ctappingtonaq@va.gov
388,Nerti,Peris,nperisar@creativecommons.org
389,Jacquie,Crichley,jcrichleyas@jimdo.com
390,Jasun,Cicchinelli,jcicchinelliat@cbc.ca
391,Wheeler,Petrak,wpetrakau@craigslist.org
392,Sheila-kathryn,Marfe,smarfeav@facebook.com
393,Donavon,Wellbank,dwellbankaw@discovery.com
394,Cissy,Dodwell,cdodwellax@google.co.jp
395,Leigh,Lorrain,llorrainay@squarespace.com
396,Loraine,Braid,lbraidaz@netscape.com
397,Keene,Gehringer,kgehringerb0@smugmug.com
398,Beth,Handy,bhandyb1@mapquest.com
399,Dael,Dollen,ddollenb2@chronoengine.com
400,Carmelia,Jansey,cjanseyb3@economist.com
401,Beth,Farady,bfaradyb4@booking.com
402,Odo,Klossek,oklossekb5@vimeo.com
403,Waylon,Huske,whuskeb6@huffingtonpost.com
404,Thebault,Waddilow,twaddilowb7@biblegateway.com
405,Cynde,Nayshe,cnaysheb8@disqus.com
406,Goldie,Binnion,gbinnionb9@vkontakte.ru
407,Reuven,Hutchinges,rhutchingesba@purevolume.com
408,Rickie,Smyley,rsmyleybb@cdc.gov
409,Vonnie,Ciccetti,vciccettibc@dyndns.org
410,Chuck,Treverton,ctrevertonbd@amazon.co.jp
411,Hill,Rolling,hrollingbe@bloglines.com
412,Paquito,Pourveer,ppourveerbf@state.gov
413,Sissie,De Benedictis,sdebenedictisbg@google.pl
414,Jacquie,Pinkerton,jpinkertonbh@theguardian.com
415,Morgen,Friman,mfrimanbi@ftc.gov
416,Moyna,Cogle,mcoglebj@aol.com
417,Noak,Schulze,nschulzebk@behance.net
418,Dillie,Jelf,djelfbl@discuz.net
419,Halsy,Picken,hpickenbm@woothemes.com
420,Norris,Gready,ngreadybn@goodreads.com
421,Yolande,Greedyer,ygreedyerbo@lycos.com
422,Carol-jean,Fritchly,cfritchlybp@free.fr
423,Natalya,Saywood,nsaywoodbq@cnn.com
424,Payton,Himsworth,phimsworthbr@ezinearticles.com
425,Ingeberg,Longden,ilongdenbs@theatlantic.com
426,Rene,Rumin,rruminbt@newsvine.com
427,Vickie,Thoumas,vthoumasbu@economist.com
428,Barbara-anne,Batalle,bbatallebv@moonfruit.com
429,Hamel,Iacivelli,hiacivellibw@ameblo.jp
430,Dru,McAughtrie,dmcaughtriebx@nih.gov
431,Cos,Spight,cspightby@vimeo.com
432,Rabi,Day,rdaybz@123-reg.co.uk
433,Raff,Squires,rsquiresc0@technorati.com
434,Rufus,Hannabuss,rhannabussc1@wunderground.com
435,Sara,Westgate,swestgatec2@forbes.com
436,Lukas,Storrah,lstorrahc3@live.com
437,Stacie,Jirus,sjirusc4@over-blog.com
438,Starlin,Pantin,spantinc5@mail.ru
439,Brewster,D'Ambrosi,bdambrosic6@house.gov
440,Hester,Cornford,hcornfordc7@fastcompany.com
441,Eamon,Bilney,ebilneyc8@parallels.com
442,Kimmi,McPhate,kmcphatec9@topsy.com
443,Nanci,Ambrosi,nambrosica@ted.com
444,Carita,Cade,ccadecb@geocities.jp
445,Blinni,Brodhead,bbrodheadcc@ovh.net
446,Asa,Pyburn,apyburncd@narod.ru
447,Dayna,Bolzen,dbolzence@wikimedia.org
448,Candis,Tamburi,ctamburicf@washingtonpost.com
449,Sasha,Mockes,smockescg@answers.com
450,Alair,Blaker,ablakerch@dedecms.com
451,Tatum,Edelman,tedelmanci@shop-pro.jp
452,Dorian,Toolin,dtoolincj@pagesperso-orange.fr
453,Rosene,Triebner,rtriebnerck@businesswire.com
454,Sonnie,Glas,sglascl@soundcloud.com
455,Kevan,Peffer,kpeffercm@hc360.com
456,Claresta,Heathfield,cheathfieldcn@ebay.co.uk
457,Hernando,Linskey,hlinskeyco@google.com.br
458,Mickey,Stivey,mstiveycp@indiegogo.com
459,Corbett,Windaybank,cwindaybankcq@blogspot.com
460,Moyra,Blight,mblightcr@aboutads.info
461,Lita,Bullar,lbullarcs@trellian.com
462,Karlie,Collip,kcollipct@dion.ne.jp
463,Leese,Fever,lfevercu@ucoz.com
464,Fee,Lavies,flaviescv@deliciousdays.com
465,Richie,Howkins,rhowkinscw@nature.com
466,Marlon,Senogles,msenoglescx@webeden.co.uk
467,Thorpe,Ladbrook,tladbrookcy@istockphoto.com
468,Meaghan,Gooms,mgoomscz@dmoz.org
469,Henderson,Delany,hdelanyd0@ucoz.ru
470,Benn,Schneidar,bschneidard1@home.pl
471,Gabrielle,Sakins,gsakinsd2@liveinternet.ru
472,Casie,Roncelli,croncellid3@ihg.com
473,Bunni,Fibbit,bfibbitd4@nsw.gov.au
474,Selma,Blaszczyk,sblaszczykd5@indiatimes.com
475,Godfry,Wheble,gwhebled6@walmart.com
476,Noah,Barkus,nbarkusd7@epa.gov
477,Dov,Souter,dsouterd8@omniture.com
478,Basilius,Widdecombe,bwiddecombed9@livejournal.com
479,Abbye,Willmetts,awillmettsda@photobucket.com
480,Roldan,Mertel,rmerteldb@cisco.com
481,Deonne,Slamaker,dslamakerdc@imgur.com
482,Clyde,Maciaszczyk,cmaciaszczykdd@sfgate.com
483,Gwenora,Balog,gbalogde@cyberchimps.com
484,Rheba,Ellershaw,rellershawdf@simplemachines.org
485,Grant,Padley,gpadleydg@auda.org.au
486,Alia,Gilardoni,agilardonidh@springer.com
487,Bogart,Hatter,bhatterdi@myspace.com
488,Odille,Morant,omorantdj@hud.gov
489,Atlante,Flippelli,aflippellidk@cloudflare.com
490,Tanhya,Lanchbery,tlanchberydl@desdev.cn
491,Cathryn,Mount,cmountdm@webmd.com
492,Ezri,Ditchfield,editchfielddn@shinystat.com
493,Ileane,Willas,iwillasdo@networkadvertising.org
494,Jonathan,Redrup,jredrupdp@lulu.com
495,Dewie,MacCathay,dmaccathaydq@census.gov
496,Abdel,Halliburton,ahalliburtondr@yahoo.com
497,Hasheem,Wolfe,hwolfeds@edublogs.org
498,Frasier,Adamczewski,fadamczewskidt@wisc.edu
499,Abigael,Ferbrache,aferbrachedu@gnu.org
500,Olivier,Skahill,oskahilldv@techcrunch.com
501,Nanon,Bolding,nboldingdw@state.gov
502,Stearn,Grimoldby,sgrimoldbydx@cbsnews.com
503,Elsbeth,Veale,evealedy@surveymonkey.com
504,Briggs,Bonar,bbonardz@hugedomains.com
505,Annalee,Olander,aolandere0@dmoz.org
506,Ted,Lyfe,tlyfee1@independent.co.uk
507,Maudie,Swayton,mswaytone2@mtv.com
508,Darci,Peasnone,dpeasnonee3@psu.edu
509,Chalmers,Ruttgers,cruttgerse4@google.com.au
510,Donetta,Noore,dnooree5@purevolume.com
511,Darcy,Hatterslay,dhatterslaye6@bandcamp.com
512,Noel,Kunath,nkunathe7@dailymail.co.uk
513,Claresta,Caps,ccapse8@drupal.org
514,Giovanni,Guerreau,gguerreaue9@mapy.cz
515,Guenna,Korting,gkortingea@fema.gov
516,Kingston,Moores,kmooreseb@china.com.cn
517,Lura,Moralis,lmoralisec@tinypic.com
518,Byram,Ewing,bewinged@reuters.com
519,Trenna,Goodayle,tgoodayleee@usa.gov
520,Zora,Cello,zcelloef@miibeian.gov.cn
521,Dmitri,Farrand,dfarrandeg@economist.com
522,Sallyann,Grzesiewicz,sgrzesiewiczeh@nyu.edu
523,La verne,Lait,llaitei@ovh.net
524,Layney,Duffill,lduffillej@nsw.gov.au
525,Aldis,Ramelet,arameletek@photobucket.com
526,Maxie,Pimblett,mpimblettel@tripadvisor.com
527,Evy,Millbank,emillbankem@printfriendly.com
528,Valene,Greatbach,vgreatbachen@newyorker.com
529,Norris,Noods,nnoodseo@ow.ly
530,Glenden,Allone,galloneep@last.fm
531,Sam,Storre,sstorreeq@chicagotribune.com
532,Lucie,Kingsford,lkingsforder@parallels.com
533,Fredra,Brackley,fbrackleyes@unblog.fr
534,Cletis,Ferrand,cferrandet@timesonline.co.uk
535,Rheba,Kleinstern,rkleinsterneu@g.co
536,Celisse,Titherington,ctitheringtonev@plala.or.jp
537,Hyatt,Escale,hescaleew@prnewswire.com
538,Jarad,Corneck,jcorneckex@cbslocal.com
539,Ursola,Filyakov,ufilyakovey@taobao.com
540,Marketa,Hancox,mhancoxez@epa.gov
541,Debra,Le Noir,dlenoirf0@sakura.ne.jp
542,Isaac,Ratledge,iratledgef1@zdnet.com
543,Willie,Mobberley,wmobberleyf2@privacy.gov.au
544,Fidelia,Nisbet,fnisbetf3@about.com
545,Ivie,Rosenblath,irosenblathf4@imdb.com
546,Christiana,Necolds,cnecoldsf5@fema.gov
547,Sheri,Eykelbosch,seykelboschf6@disqus.com
548,Hilda,Harbert,hharbertf7@privacy.gov.au
549,Leonardo,Callen,lcallenf8@berkeley.edu
550,Dinny,Limrick,dlimrickf9@miibeian.gov.cn
551,Staffard,MacPeice,smacpeicefa@posterous.com
552,Lynne,Domesday,ldomesdayfb@wix.com
553,Jimmie,Oldroyd,joldroydfc@umn.edu
554,Leah,MacPaden,lmacpadenfd@rambler.ru
555,Devinne,Felton,dfeltonfe@furl.net
556,Silva,Shipway,sshipwayff@linkedin.com
557,Gwenore,Reynalds,greynaldsfg@hostgator.com
558,Arleyne,Edworthie,aedworthiefh@miibeian.gov.cn
559,Marc,O'Sherin,mosherinfi@huffingtonpost.com
560,Marylee,Vynarde,mvynardefj@cyberchimps.com
561,Obidiah,Stubbings,ostubbingsfk@paypal.com
562,Gerome,Wikey,gwikeyfl@virginia.edu
563,Mario,Goacher,mgoacherfm@slashdot.org
564,Emili,Greatham,egreathamfn@yale.edu
565,Royal,Ciccone,rcicconefo@icio.us
566,Tarrance,Secret,tsecretfp@ovh.net
567,Guglielma,Stangroom,gstangroomfq@msu.edu
568,Ted,Clemonts,tclemontsfr@ovh.net
569,Merwyn,Wickendon,mwickendonfs@edublogs.org
570,Babs,Milland,bmillandft@ucoz.ru
571,Emalee,Middler,emiddlerfu@omniture.com
572,Saraann,Molineux,smolineuxfv@telegraph.co.uk
573,Abbie,Mather,amatherfw@taobao.com
574,Hogan,Phipp,hphippfx@chronoengine.com
575,Hannis,McElrea,hmcelreafy@ucsd.edu
576,Leigha,Gossage,lgossagefz@fda.gov
577,Margette,Rockey,mrockeyg0@edublogs.org
578,Jeffrey,Bratty,jbrattyg1@theglobeandmail.com
579,Trixy,Strudwick,tstrudwickg2@spiegel.de
580,Leroi,Petrenko,lpetrenkog3@clickbank.net
581,Rem,Godspede,rgodspedeg4@washington.edu
582,Dougy,Carnow,dcarnowg5@com.com
583,Lemmie,Acland,laclandg6@slashdot.org
584,Kippar,Ivanchenkov,kivanchenkovg7@spiegel.de
585,Tillie,Warboy,twarboyg8@slate.com
586,Ethel,Remmers,eremmersg9@usda.gov
587,Haven,Morrell,hmorrellga@princeton.edu
588,Lanita,Obal,lobalgb@twitter.com
589,Mei,Chippin,mchippingc@epa.gov
590,Nicolais,McPike,nmcpikegd@google.com.hk
591,Ruth,Stollberger,rstollbergerge@parallels.com
592,Ford,Delhanty,fdelhantygf@vistaprint.com
593,Leonelle,Savin,lsavingg@xinhuanet.com
594,Gabriell,Moorcraft,gmoorcraftgh@wikispaces.com
595,Nils,Sandhill,nsandhillgi@dagondesign.com
596,Noach,McCudden,nmccuddengj@hubpages.com
597,Sandra,Elphee,selpheegk@google.de
598,Tybi,Aleksandrikin,taleksandrikingl@liveinternet.ru
599,Damara,Meekings,dmeekingsgm@whitehouse.gov
600,Maurine,Draco,mdracogn@admin.ch
601,Victoir,Poker,vpokergo@umich.edu
602,Leonardo,Hanigan,lhanigangp@gov.uk
603,Gustave,Neising,gneisinggq@mozilla.com
604,Hildagarde,MacCook,hmaccookgr@booking.com
605,Bebe,Fishpond,bfishpondgs@noaa.gov
606,Daffie,Faudrie,dfaudriegt@opera.com
607,Bathsheba,Faull,bfaullgu@intel.com
608,Jorrie,Denisovich,jdenisovichgv@seesaa.net
609,Brion,Necrews,bnecrewsgw@wp.com
610,Westbrooke,McAlester,wmcalestergx@washington.edu
611,Harrietta,Hedgeley,hhedgeleygy@yellowpages.com
612,Laughton,Asty,lastygz@hud.gov
613,Durward,Podbury,dpodburyh0@taobao.com
614,Raychel,Paradis,rparadish1@webnode.com
615,Rhoda,Dresse,rdresseh2@intel.com
616,Brade,Woolner,bwoolnerh3@blinklist.com
617,Artur,Kindleysides,akindleysidesh4@digg.com
618,Conant,Pyke,cpykeh5@ox.ac.uk
619,Noel,Bissill,nbissillh6@about.com
620,Lock,Hurford,lhurfordh7@google.ca
621,Stearne,Winchcombe,swinchcombeh8@hatena.ne.jp
622,Arnold,Sibbe,asibbeh9@ocn.ne.jp
623,Gaspar,Bassano,gbassanoha@bloglovin.com
624,Vicky,Coursor,vcoursorhb@moonfruit.com
625,Leda,Witheford,lwithefordhc@goo.gl
626,Ripley,Gettings,rgettingshd@tamu.edu
627,Wileen,Iannello,wiannellohe@chronoengine.com
628,Rupert,Fesby,rfesbyhf@nyu.edu
629,Bruce,de Villier,bdevillierhg@opera.com
630,Opalina,Egdal,oegdalhh@ox.ac.uk
631,Sharity,Domnick,sdomnickhi@youtube.com
632,Brigham,Beddis,bbeddishj@google.co.jp
633,Karna,Delcastel,kdelcastelhk@tripadvisor.com
634,Alaster,Glinde,aglindehl@rediff.com
635,Winston,Serridge,wserridgehm@dagondesign.com
636,Cecil,Ortiga,cortigahn@opensource.org
637,Hayley,Bernardy,hbernardyho@kickstarter.com
638,Karleen,Henriques,khenriqueshp@sbwire.com
639,Paulette,Fearney,pfearneyhq@github.io
640,Sasha,Farnfield,sfarnfieldhr@google.fr
641,Gabriello,Damrel,gdamrelhs@cornell.edu
642,Arlina,Farrants,afarrantsht@123-reg.co.uk
643,Byron,Phuprate,bphupratehu@webmd.com
644,Birgit,Lusher,blusherhv@blinklist.com
645,Robin,Demschke,rdemschkehw@cloudflare.com
646,Izabel,Robarts,irobartshx@cnbc.com
647,Etta,Sutcliffe,esutcliffehy@etsy.com
648,Wain,Tuminini,wtumininihz@goo.gl
649,Gilberta,Giacaponi,ggiacaponii0@webnode.com
650,Hilliard,Zanassi,hzanassii1@sogou.com
651,Della,Wilmore,dwilmorei2@artisteer.com
652,Hamilton,Heinzler,hheinzleri3@google.com.hk
653,Giffy,Furneaux,gfurneauxi4@imgur.com
654,Milo,Boness,mbonessi5@furl.net
655,Matty,Krzyzowski,mkrzyzowskii6@wp.com
656,Lucian,Rameaux,lrameauxi7@netlog.com
657,Dorothea,Gosker,dgoskeri8@netlog.com
658,Dagny,Woof,dwoofi9@dell.com
659,Aime,Elce,aelceia@edublogs.org
660,Woodman,Garrard,wgarrardib@baidu.com
661,Lyell,Wordesworth,lwordesworthic@facebook.com
662,Temp,Padley,tpadleyid@cargocollective.com
663,Conant,Benedidick,cbenedidickie@geocities.jp
664,Tiler,Niave,tniaveif@theglobeandmail.com
665,Kristine,Tesche,ktescheig@altervista.org
666,Carson,Olliff,colliffih@examiner.com
667,Sonny,Hopfer,shopferii@1und1.de
668,Mathilde,Bogeys,mbogeysij@instagram.com
669,Sibby,Banker,sbankerik@guardian.co.uk
670,Dunn,Anfrey,danfreyil@dell.com
671,Zandra,Pattenden,zpattendenim@surveymonkey.com
672,Jordan,Povele,jpovelein@mysql.com
673,Casandra,Dury,cduryio@blogspot.com
674,Thaine,Senett,tsenettip@engadget.com
675,Danny,Dollar,ddollariq@mlb.com
676,Marthe,Marson,mmarsonir@globo.com
677,Oliver,Dallaghan,odallaghanis@phoca.cz
678,Mirella,Rawood,mrawoodit@reference.com
679,Constantia,Saxelby,csaxelbyiu@etsy.com
680,Lewie,Blanpein,lblanpeiniv@ow.ly
681,Dexter,Bothe,dbotheiw@wisc.edu
682,Margarethe,Steel,msteelix@weebly.com
683,Benjamin,Server,bserveriy@fastcompany.com
684,Ginger,Lovegrove,glovegroveiz@sohu.com
685,Cynthie,Bennetts,cbennettsj0@youtube.com
686,Westley,Applewhaite,wapplewhaitej1@altervista.org
687,Bale,Fanti,bfantij2@blogger.com
688,Israel,Titcumb,ititcumbj3@java.com
689,Duffy,Danbrook,ddanbrookj4@ow.ly
690,Alyss,Butteris,abutterisj5@surveymonkey.com
691,Ban,Butter,bbutterj6@yahoo.co.jp
692,Brooke,Tottem,btottemj7@artisteer.com
693,Anette,Challes,achallesj8@parallels.com
694,Amaleta,Grabeham,agrabehamj9@senate.gov
695,Brietta,Beurich,bbeurichja@yahoo.com
696,Galen,Desson,gdessonjb@godaddy.com
697,Northrop,Ber,nberjc@wikipedia.org
698,Derwin,Klimke,dklimkejd@ocn.ne.jp
699,Drud,Balnave,dbalnaveje@biblegateway.com
700,Jasun,Tweedy,jtweedyjf@exblog.jp
701,Brigid,Pryce,bprycejg@jimdo.com
702,Rosemaria,Saller,rsallerjh@slate.com
703,Byron,Tottie,btottieji@oakley.com
704,Emily,Bricknall,ebricknalljj@netvibes.com
705,Rena,Reddell,rreddelljk@latimes.com
706,Kippie,Garthland,kgarthlandjl@bandcamp.com
707,Umeko,Emanuelli,uemanuellijm@amazon.co.uk
708,Concordia,Mitrikhin,cmitrikhinjn@loc.gov
709,Angelita,Gallyhaock,agallyhaockjo@rediff.com
710,Minna,Rustman,mrustmanjp@simplemachines.org
711,Cathryn,Corben,ccorbenjq@trellian.com
712,Joey,Speedy,jspeedyjr@fotki.com
713,Buiron,Troy,btroyjs@pinterest.com
714,Rupert,Chopping,rchoppingjt@cbslocal.com
715,Bernarr,Borton,bbortonju@globo.com
716,Sim,Koubu,skoubujv@admin.ch
717,Murry,Dayes,mdayesjw@cnet.com
718,Isahella,Crean,icreanjx@vkontakte.ru
719,Matilda,Pavier,mpavierjy@networksolutions.com
720,Vale,Sterrie,vsterriejz@tinypic.com
721,Deanne,Gouldie,dgouldiek0@theguardian.com
722,Gertruda,Longmire,glongmirek1@cafepress.com
723,Enid,Fantonetti,efantonettik2@businessinsider.com
724,Lea,O'Murtagh,lomurtaghk3@irs.gov
725,Cherie,Menico,cmenicok4@dailymail.co.uk
726,Daniela,Izkovici,dizkovicik5@topsy.com
727,Salvador,Bourgeois,sbourgeoisk6@netlog.com
728,Patrizius,Geerling,pgeerlingk7@illinois.edu
729,Burty,Dranfield,bdranfieldk8@uiuc.edu
730,Cherianne,Rubrow,crubrowk9@msu.edu
731,Loutitia,Bamborough,lbamboroughka@google.com.br
732,Erich,Scougall,escougallkb@boston.com
733,Eloise,Delcastel,edelcastelkc@cbslocal.com
734,Arri,De Ferraris,adeferrariskd@sciencedirect.com
735,Laraine,Oddie,loddieke@netscape.com
736,Annis,Hogsden,ahogsdenkf@360.cn
737,Ilyssa,Bransby,ibransbykg@lulu.com
738,Ardelis,McGahy,amcgahykh@psu.edu
739,Lizette,Titchener,ltitchenerki@wikia.com
740,Peggi,Riccardo,priccardokj@joomla.org
741,Galen,Prantl,gprantlkk@irs.gov
742,Jarrad,Jenicek,jjenicekkl@spiegel.de
743,Kaitlynn,Faraker,kfarakerkm@booking.com
744,Edi,Calliss,ecallisskn@telegraph.co.uk
745,Gregg,Goulthorp,ggoulthorpko@umn.edu
746,Ethelin,Skeermor,eskeermorkp@yale.edu
747,Shane,Bollam,sbollamkq@topsy.com
748,Janis,Curzon,jcurzonkr@cbslocal.com
749,Grethel,Rawsthorne,grawsthorneks@princeton.edu
750,Rory,Buckbee,rbuckbeekt@npr.org
751,Aubert,Kehoe,akehoeku@over-blog.com
752,Sven,Shephard,sshephardkv@squarespace.com
753,Sinclare,Donne,sdonnekw@123-reg.co.uk
754,Irwin,Gummary,igummarykx@angelfire.com
755,Daloris,Cords,dcordsky@msn.com
756,Benn,Uman,bumankz@uiuc.edu
757,Verena,Uvedale,vuvedalel0@uol.com.br
758,Bernette,Haggus,bhaggusl1@thetimes.co.uk
759,Olga,Feechum,ofeechuml2@intel.com
760,Aleksandr,Moehle,amoehlel3@hp.com
761,Ginelle,Quig,gquigl4@github.io
762,Donica,Spears,dspearsl5@ibm.com
763,Bentley,Kleinstern,bkleinsternl6@google.pl
764,Ianthe,Gisbey,igisbeyl7@meetup.com
765,Michaella,Hayer,mhayerl8@free.fr
766,Candace,Febry,cfebryl9@twitpic.com
767,Palmer,Blackhurst,pblackhurstla@intel.com
768,Dru,Neilands,dneilandslb@feedburner.com
769,Miran,Griffin,mgriffinlc@51.la
770,Claudia,Le Page,clepageld@histats.com
771,Brigitta,Pieroni,bpieronile@wp.com
772,Catherine,Skains,cskainslf@soundcloud.com
773,Hy,McGougan,hmcgouganlg@over-blog.com
774,Seline,Naper,snaperlh@mlb.com
775,Tammie,Gunthorpe,tgunthorpeli@ucsd.edu
776,Lenee,Rymour,lrymourlj@abc.net.au
777,Casie,De la Yglesias,cdelayglesiaslk@kickstarter.com
778,Lanie,Hallaways,lhallawaysll@latimes.com
779,Isadora,Bowskill,ibowskilllm@usnews.com
780,Noah,Dyhouse,ndyhouseln@smh.com.au
781,Agnese,Bowsher,abowsherlo@parallels.com
782,Saraann,Jaskiewicz,sjaskiewiczlp@ted.com
783,Elysha,Alebrooke,ealebrookelq@dell.com
784,Darcey,Esom,desomlr@ning.com
785,Gabriele,Olfert,golfertls@engadget.com
786,Tedda,Faint,tfaintlt@bbc.co.uk
787,Gwen,Ibeson,gibesonlu@yelp.com
788,Phylys,Coote,pcootelv@mlb.com
789,Link,Tack,ltacklw@feedburner.com
790,Adams,Moylane,amoylanelx@tamu.edu
791,Cleo,Lapthorn,clapthornly@facebook.com
792,Ramsey,Houdmont,rhoudmontlz@macromedia.com
793,Wendall,Patel,wpatelm0@baidu.com
794,Lana,Hazeldean,lhazeldeanm1@behance.net
795,Pauletta,Ableson,pablesonm2@t-online.de
796,Halsey,Pietesch,hpieteschm3@addtoany.com
797,Karney,Murrell,kmurrellm4@nifty.com
798,Opaline,Ranyell,oranyellm5@google.co.uk
799,Kathy,Bourley,kbourleym6@creativecommons.org
800,Darla,Wardingley,dwardingleym7@chicagotribune.com
801,Lona,Thewles,lthewlesm8@tuttocitta.it
802,Abraham,Sandiford,asandifordm9@free.fr
803,Dulsea,Vail,dvailma@pen.io
804,Yettie,O' Faherty,yofahertymb@blinklist.com
805,Terry,Wrassell,twrassellmc@home.pl
806,Hortense,Dingle,hdinglemd@shop-pro.jp
807,Myrna,Pecey,mpeceyme@skype.com
808,Any,Bolesworth,abolesworthmf@imdb.com
809,Deeyn,Kilshaw,dkilshawmg@surveymonkey.com
810,Osgood,Dumbrall,odumbrallmh@sina.com.cn
811,Gideon,Adnet,gadnetmi@businessweek.com
812,Danell,Pehrsson,dpehrssonmj@tmall.com
813,Niel,Durtnel,ndurtnelmk@squarespace.com
814,Jean,Collett,jcollettml@nba.com
815,Pedro,Saltwell,psaltwellmm@vkontakte.ru
816,Dermot,Acres,dacresmn@state.gov
817,Reynolds,Asple,rasplemo@paypal.com
818,Celka,Terbeek,cterbeekmp@scribd.com
819,Gardy,Jurasek,gjurasekmq@who.int
820,Virgie,Emons,vemonsmr@artisteer.com
821,Maxwell,Bortoloni,mbortolonims@patch.com
822,Mozelle,Vedekhin,mvedekhinmt@vk.com
823,Sena,Antoney,santoneymu@statcounter.com
824,Gerti,Clail,gclailmv@blogs.com
825,Marve,Walster,mwalstermw@google.de
826,Therese,Winger,twingermx@businesswire.com
827,Abdel,Conichie,aconichiemy@webmd.com
828,Isidro,Bosward,iboswardmz@geocities.com
829,Cindee,Dannell,cdannelln0@sitemeter.com
830,Andres,Loggie,aloggien1@sina.com.cn
831,Garald,Gallehawk,ggallehawkn2@ftc.gov
832,Carlie,Seamark,cseamarkn3@uol.com.br
833,Suzanne,Kidder,skiddern4@chronoengine.com
834,Aleda,Loyndon,aloyndonn5@soundcloud.com
835,Amity,Hayley,ahayleyn6@nps.gov
836,Felicia,Sumpter,fsumptern7@state.gov
837,Kristin,Thyer,kthyern8@google.ru
838,Tedie,Inderwick,tinderwickn9@xrea.com
839,Carl,Hindrick,chindrickna@godaddy.com
840,Brigida,Queen,bqueennb@jiathis.com
841,Faunie,Crimes,fcrimesnc@xing.com
842,Giuseppe,Tring,gtringnd@cnn.com
843,Noell,Skillman,nskillmanne@netvibes.com
844,Papagena,Rosenthal,prosenthalnf@fastcompany.com
845,Hamel,Braime,hbraimeng@walmart.com
846,Anabelle,Szymczyk,aszymczyknh@disqus.com
847,Thibaud,Cardenosa,tcardenosani@slate.com
848,Lainey,Riply,lriplynj@trellian.com
849,Davon,Damrell,ddamrellnk@howstuffworks.com
850,Carny,Piggot,cpiggotnl@buzzfeed.com
851,Katherine,Gronaller,kgronallernm@baidu.com
852,Donn,Hadlow,dhadlownn@blogs.com
853,Leonid,Santhouse,lsanthouseno@home.pl
854,Dorelle,Bergstram,dbergstramnp@devhub.com
855,Marcelle,Shelliday,mshellidaynq@archive.org
856,Palm,Brimblecombe,pbrimblecombenr@free.fr
857,Ardelia,McCreagh,amccreaghns@ibm.com
858,Vi,Bleasby,vbleasbynt@usnews.com
859,Lisette,Bahde,lbahdenu@usatoday.com
860,Karlotta,Rowena,krowenanv@paginegialle.it
861,Bibby,Dikes,bdikesnw@cpanel.net
862,Vivienne,Marsters,vmarstersnx@shutterfly.com
863,Gabriello,Wheal,gwhealny@cbc.ca
864,Horatio,Tayler,htaylernz@a8.net
865,Rolfe,Camplen,rcampleno0@wisc.edu
866,Laryssa,Simkovich,lsimkovicho1@shutterfly.com
867,Margalit,Dancey,mdanceyo2@psu.edu
868,Mord,Roby,mrobyo3@miibeian.gov.cn
869,Kahaleel,Brandle,kbrandleo4@chron.com
870,Florinda,Sexcey,fsexceyo5@mit.edu
871,Cynthia,Tregea,ctregeao6@g.co
872,Reyna,Sager,rsagero7@illinois.edu
873,Anne,Tant,atanto8@cdbaby.com
874,Fritz,Ville,fvilleo9@plala.or.jp
875,Rosana,Pentland,rpentlandoa@noaa.gov
876,Lib,Neely,lneelyob@mapquest.com
877,Gray,De Bruin,gdebruinoc@sun.com
878,Lizbeth,Labrom,llabromod@skyrock.com
879,Kelbee,Ashbe,kashbeoe@1688.com
880,Ina,Blackburne,iblackburneof@digg.com
881,Shanna,Austing,saustingog@ameblo.jp
882,Sheba,Siddon,ssiddonoh@washingtonpost.com
883,Essy,Lipscombe,elipscombeoi@gov.uk
884,Amy,D'Orsay,adorsayoj@wikipedia.org
885,Sibby,Braidon,sbraidonok@intel.com
886,Kingston,Tixall,ktixallol@reference.com
887,Jessamyn,Skylett,jskylettom@hud.gov
888,Adriane,Klaesson,aklaessonon@unblog.fr
889,Trix,Aylward,taylwardoo@sohu.com
890,Jessa,Cardoe,jcardoeop@ucsd.edu
891,Gretel,Clarabut,gclarabutoq@xinhuanet.com
892,Fianna,Redon,fredonor@ebay.co.uk
893,Skye,Tomaszkiewicz,stomaszkiewiczos@discovery.com
894,Eugenia,Emmet,eemmetot@google.com
895,Kinny,Pagitt,kpagittou@tmall.com
896,Godfrey,Grisenthwaite,ggrisenthwaiteov@printfriendly.com
897,Van,Fossitt,vfossittow@skype.com
898,Dion,Deverick,ddeverickox@google.co.uk
899,Freeman,Guilleton,fguilletonoy@ycombinator.com
900,Taffy,Elen,telenoz@fema.gov
901,Bianka,Coleiro,bcoleirop0@xinhuanet.com
902,Caz,Pearlman,cpearlmanp1@earthlink.net
903,Faulkner,Morrice,fmorricep2@chron.com
904,Jeffry,MacDuff,jmacduffp3@behance.net
905,Regan,Hartington,rhartingtonp4@yelp.com
906,Christalle,Aggio,caggiop5@wp.com
907,Kerstin,Savory,ksavoryp6@ustream.tv
908,Ashla,Seifenmacher,aseifenmacherp7@themeforest.net
909,Lucio,McCook,lmccookp8@nhs.uk
910,Lorena,Bierling,lbierlingp9@mozilla.org
911,Georgi,Tidcombe,gtidcombepa@nsw.gov.au
912,Fleur,Teague,fteaguepb@ehow.com
913,Turner,Jenkins,tjenkinspc@sakura.ne.jp
914,Elwyn,Cothey,ecotheypd@dot.gov
915,Carrissa,Dangerfield,cdangerfieldpe@google.ru
916,Arabela,Sonner,asonnerpf@tumblr.com
917,Haywood,Hosburn,hhosburnpg@nba.com
918,Susana,Nathon,snathonph@scientificamerican.com
919,Tristam,Kavanagh,tkavanaghpi@cloudflare.com
920,Greggory,Gauld,ggauldpj@360.cn
921,Fairfax,Heersema,fheersemapk@ameblo.jp
922,Rafaela,Shenton,rshentonpl@prnewswire.com
923,Kassandra,Spur,kspurpm@miitbeian.gov.cn
924,Coriss,Scoates,cscoatespn@deliciousdays.com
925,Thayne,Etoile,tetoilepo@php.net
926,Eula,Deakes,edeakespp@japanpost.jp
927,Manuel,Swanborough,mswanboroughpq@harvard.edu
928,Hali,Fike,hfikepr@examiner.com
929,Egon,Shalcras,eshalcrasps@godaddy.com
930,Lucine,Wyson,lwysonpt@tuttocitta.it
931,Konstance,Geibel,kgeibelpu@cbc.ca
932,Bunni,Ryan,bryanpv@columbia.edu
933,Merrie,Sprason,msprasonpw@foxnews.com
934,Bert,Tiddeman,btiddemanpx@wordpress.com
935,Merwin,Mitie,mmitiepy@umich.edu
936,Rolando,Hurry,rhurrypz@ameblo.jp
937,Tanya,Enrico,tenricoq0@xing.com
938,Krishna,Nyssens,knyssensq1@kickstarter.com
939,Jamima,Keep,jkeepq2@shutterfly.com
940,Culley,Wannell,cwannellq3@cargocollective.com
941,Kahlil,Raymen,kraymenq4@domainmarket.com
942,Jarrett,Heintze,jheintzeq5@myspace.com
943,Vicky,Bateman,vbatemanq6@1und1.de
944,Marcile,Brewin,mbrewinq7@prlog.org
945,Cherie,Doyley,cdoyleyq8@amazon.de
946,Brigg,Cumming,bcummingq9@jigsy.com
947,Agnella,Joscelyn,ajoscelynqa@utexas.edu
948,Field,Soden,fsodenqb@parallels.com
949,Davidson,Romera,dromeraqc@chron.com
950,Caria,Gail,cgailqd@nifty.com
951,Lilah,Beresford,lberesfordqe@barnesandnoble.com
952,Aubert,Tesyro,atesyroqf@bloomberg.com
953,Sigfried,Brownsword,sbrownswordqg@businesswire.com
954,Moses,Flacknell,mflacknellqh@squidoo.com
955,Dyanne,Lammiman,dlammimanqi@utexas.edu
956,Janina,Prine,jprineqj@yale.edu
957,Lanie,BoHlingolsen,lbohlingolsenqk@google.de
958,Raf,Flower,rflowerql@cornell.edu
959,Annalise,Frow,afrowqm@behance.net
960,Ardelis,Moden,amodenqn@meetup.com
961,Yolanthe,Carlet,ycarletqo@cocolog-nifty.com
962,Natka,Rowlstone,nrowlstoneqp@dmoz.org
963,Merline,D' Angelo,mdangeloqq@dedecms.com
964,Edwina,Briscoe,ebriscoeqr@msu.edu
965,Drucill,Ormistone,dormistoneqs@wp.com
966,Valentina,McAulay,vmcaulayqt@scientificamerican.com
967,Marni,Bage,mbagequ@fastcompany.com
968,Suzann,Labbey,slabbeyqv@google.co.jp
969,Nelie,Durning,ndurningqw@tmall.com
970,Lauralee,Lammiman,llammimanqx@wired.com
971,Zeke,Call,zcallqy@unc.edu
972,Felecia,Bance,fbanceqz@51.la
973,Catherin,Radloff,cradloffr0@forbes.com
974,Nina,Turvey,nturveyr1@gov.uk
975,Richie,Iannini,rianninir2@cnn.com
976,Natala,Wisniewski,nwisniewskir3@fema.gov
977,Ailina,Rothchild,arothchildr4@nifty.com
978,Mallissa,Tewkesberrie,mtewkesberrier5@eventbrite.com
979,Gnni,Pluck,gpluckr6@hp.com
980,Merralee,Mapston,mmapstonr7@github.io
981,Hendrick,Jambrozek,hjambrozekr8@house.gov
982,Karlene,Di Giorgio,kdigiorgior9@skype.com
983,Phillida,Trask,ptraskra@skype.com
984,Hilary,McDuffie,hmcduffierb@list-manage.com
985,West,Trineman,wtrinemanrc@paginegialle.it
986,Kaja,Sailer,ksailerrd@csmonitor.com
987,Danni,Kubecka,dkubeckare@comsenz.com
988,Paige,Flori,pflorirf@nps.gov
989,Melly,Conws,mconwsrg@squarespace.com
990,Averil,Tomsa,atomsarh@bloglines.com
991,Clare,Parkey,cparkeyri@macromedia.com
992,Haze,Ferminger,hfermingerrj@walmart.com
993,Standford,Newbold,snewboldrk@ibm.com
994,Bogey,Brookes,bbrookesrl@1688.com
995,Curtice,Bales,cbalesrm@ftc.gov
996,Merline,Baggiani,mbaggianirn@youku.com
997,Teresita,Ridehalgh,tridehalghro@lulu.com
998,Hendrik,Bergen,hbergenrp@ihg.com
999,Goraud,Roake,groakerq@yale.edu
1000,Cheri,McCullogh,cmcculloghrr@nba.com
